Model1,Model2,U_statistic,p_value,Significant,Mean1,Mean2,Median1,Median2,N1,N2,Experiment,Discipline,Metric
GPT-4,Claude-3,6000.0,0.0041469679183793115,True,0.51,0.31,1.0,0.0,100,100,1,Mathematics,Error Detected
GPT-4,Llama-3.2,6500.0,1.0486756626863545e-05,True,0.51,0.21,1.0,0.0,100,100,1,Mathematics,Error Detected
GPT-4,Qwen-2.5,5700.0,0.04682306895688183,False,0.51,0.37,1.0,0.0,100,100,1,Mathematics,Error Detected
GPT-4,Gemma-2,6450.0,2.1637608249790233e-05,True,0.51,0.22,1.0,0.0,100,100,1,Mathematics,Error Detected
Claude-3,Llama-3.2,5500.0,0.10818133907431429,False,0.31,0.21,0.0,0.0,100,100,1,Mathematics,Error Detected
Claude-3,Qwen-2.5,4700.0,0.37245118613466255,False,0.31,0.37,0.0,0.0,100,100,1,Mathematics,Error Detected
Claude-3,Gemma-2,5450.0,0.15078112265810245,False,0.31,0.22,0.0,0.0,100,100,1,Mathematics,Error Detected
Llama-3.2,Qwen-2.5,4200.0,0.0129363210573206,False,0.21,0.37,0.0,0.0,100,100,1,Mathematics,Error Detected
Llama-3.2,Gemma-2,4950.0,0.8650320664213119,False,0.21,0.22,0.0,0.0,100,100,1,Mathematics,Error Detected
Qwen-2.5,Gemma-2,5750.0,0.020426362873336417,False,0.37,0.22,0.0,0.0,100,100,1,Mathematics,Error Detected
GPT-4,Claude-3,5500.0,0.009395817116415241,False,0.13,0.03,0.0,0.0,100,100,1,Physics,Error Detected
GPT-4,Llama-3.2,5450.0,0.022983065499629262,False,0.13,0.04,0.0,0.0,100,100,1,Physics,Error Detected
GPT-4,Qwen-2.5,4000.0,0.0008068730708385853,True,0.13,0.33,0.0,0.0,100,100,1,Physics,Error Detected
GPT-4,Gemma-2,5550.0,0.0032503081025527804,True,0.13,0.02,0.0,0.0,100,100,1,Physics,Error Detected
Claude-3,Llama-3.2,4950.0,0.7039775890299466,False,0.03,0.04,0.0,0.0,100,100,1,Physics,Error Detected
Claude-3,Qwen-2.5,3500.0,3.672470636104499e-08,True,0.03,0.33,0.0,0.0,100,100,1,Physics,Error Detected
Claude-3,Gemma-2,5050.0,0.6546878161198141,False,0.03,0.02,0.0,0.0,100,100,1,Physics,Error Detected
Llama-3.2,Qwen-2.5,3550.0,1.394353289432723e-07,True,0.04,0.33,0.0,0.0,100,100,1,Physics,Error Detected
Llama-3.2,Gemma-2,5100.0,0.4106122094800271,False,0.04,0.02,0.0,0.0,100,100,1,Physics,Error Detected
Qwen-2.5,Gemma-2,6550.0,8.782655484165139e-09,True,0.33,0.02,0.0,0.0,100,100,1,Physics,Error Detected
GPT-4,Claude-3,5350.0,0.07708033689473089,False,0.12,0.05,0.0,0.0,100,100,1,Biology,Error Detected
GPT-4,Llama-3.2,5350.0,0.07708033689473089,False,0.12,0.05,0.0,0.0,100,100,1,Biology,Error Detected
GPT-4,Qwen-2.5,4800.0,0.4173277712296726,False,0.12,0.16,0.0,0.0,100,100,1,Biology,Error Detected
GPT-4,Gemma-2,5400.0,0.03777158776941292,False,0.12,0.04,0.0,0.0,100,100,1,Biology,Error Detected
Claude-3,Llama-3.2,5000.0,1.0,False,0.05,0.05,0.0,0.0,100,100,1,Biology,Error Detected
Claude-3,Qwen-2.5,4450.0,0.011450338800492352,False,0.05,0.16,0.0,0.0,100,100,1,Biology,Error Detected
Claude-3,Gemma-2,5050.0,0.7362374382775687,False,0.05,0.04,0.0,0.0,100,100,1,Biology,Error Detected
Llama-3.2,Qwen-2.5,4450.0,0.011450338800492352,False,0.05,0.16,0.0,0.0,100,100,1,Biology,Error Detected
Llama-3.2,Gemma-2,5050.0,0.7362374382775687,False,0.05,0.04,0.0,0.0,100,100,1,Biology,Error Detected
Qwen-2.5,Gemma-2,5600.0,0.004817410745174144,True,0.16,0.04,0.0,0.0,100,100,1,Biology,Error Detected
GPT-4,Claude-3,5250.0,0.1814596593937995,False,0.1,0.05,0.0,0.0,100,100,1,Chemistry,Error Detected
GPT-4,Llama-3.2,5400.0,0.01764268960869276,False,0.1,0.02,0.0,0.0,100,100,1,Chemistry,Error Detected
GPT-4,Qwen-2.5,4700.0,0.20900858202836847,False,0.1,0.16,0.0,0.0,100,100,1,Chemistry,Error Detected
GPT-4,Gemma-2,5150.0,0.44951776082155503,False,0.1,0.07,0.0,0.0,100,100,1,Chemistry,Error Detected
Claude-3,Llama-3.2,5150.0,0.25115608917622023,False,0.05,0.02,0.0,0.0,100,100,1,Chemistry,Error Detected
Claude-3,Qwen-2.5,4450.0,0.011450338800492352,False,0.05,0.16,0.0,0.0,100,100,1,Chemistry,Error Detected
Claude-3,Gemma-2,4900.0,0.5544998267060415,False,0.05,0.07,0.0,0.0,100,100,1,Chemistry,Error Detected
Llama-3.2,Qwen-2.5,4300.0,0.0005646702262139887,True,0.02,0.16,0.0,0.0,100,100,1,Chemistry,Error Detected
Llama-3.2,Gemma-2,4750.0,0.08954358491260189,False,0.02,0.07,0.0,0.0,100,100,1,Chemistry,Error Detected
Qwen-2.5,Gemma-2,5450.0,0.04685255715297866,False,0.16,0.07,0.0,0.0,100,100,1,Chemistry,Error Detected
GPT-4,Claude-3,5250.0,0.08954358491260189,False,0.07,0.02,0.0,0.0,100,100,1,Earth Science,Error Detected
GPT-4,Llama-3.2,5250.0,0.08954358491260189,False,0.07,0.02,0.0,0.0,100,100,1,Earth Science,Error Detected
GPT-4,Qwen-2.5,4650.0,0.10776909413382392,False,0.07,0.14,0.0,0.0,100,100,1,Earth Science,Error Detected
GPT-4,Gemma-2,5250.0,0.08954358491260189,False,0.07,0.02,0.0,0.0,100,100,1,Earth Science,Error Detected
Claude-3,Llama-3.2,5000.0,1.0,False,0.02,0.02,0.0,0.0,100,100,1,Earth Science,Error Detected
Claude-3,Qwen-2.5,4400.0,0.001825236545654596,True,0.02,0.14,0.0,0.0,100,100,1,Earth Science,Error Detected
Claude-3,Gemma-2,5000.0,1.0,False,0.02,0.02,0.0,0.0,100,100,1,Earth Science,Error Detected
Llama-3.2,Qwen-2.5,4400.0,0.001825236545654596,True,0.02,0.14,0.0,0.0,100,100,1,Earth Science,Error Detected
Llama-3.2,Gemma-2,5000.0,1.0,False,0.02,0.02,0.0,0.0,100,100,1,Earth Science,Error Detected
Qwen-2.5,Gemma-2,5600.0,0.001825236545654596,True,0.14,0.02,0.0,0.0,100,100,1,Earth Science,Error Detected
GPT-4,Claude-3,5100.0,0.5195591382210696,False,0.06,0.04,0.0,0.0,100,100,1,Computer Science,Error Detected
GPT-4,Llama-3.2,5000.0,1.0,False,0.06,0.06,0.0,0.0,100,100,1,Computer Science,Error Detected
GPT-4,Qwen-2.5,4600.0,0.06030637268123796,False,0.06,0.14,0.0,0.0,100,100,1,Computer Science,Error Detected
GPT-4,Gemma-2,5050.0,0.7593829555995891,False,0.06,0.05,0.0,0.0,100,100,1,Computer Science,Error Detected
Claude-3,Llama-3.2,4900.0,0.5195591382210696,False,0.04,0.06,0.0,0.0,100,100,1,Computer Science,Error Detected
Claude-3,Qwen-2.5,4500.0,0.01380947290560677,False,0.04,0.14,0.0,0.0,100,100,1,Computer Science,Error Detected
Claude-3,Gemma-2,4950.0,0.7362374382775687,False,0.04,0.05,0.0,0.0,100,100,1,Computer Science,Error Detected
Llama-3.2,Qwen-2.5,4600.0,0.06030637268123796,False,0.06,0.14,0.0,0.0,100,100,1,Computer Science,Error Detected
Llama-3.2,Gemma-2,5050.0,0.7593829555995891,False,0.06,0.05,0.0,0.0,100,100,1,Computer Science,Error Detected
Qwen-2.5,Gemma-2,5450.0,0.030574279994974193,False,0.14,0.05,0.0,0.0,100,100,1,Computer Science,Error Detected
GPT-4,Claude-3,1454.0,0.13466609915583458,False,0.3673469387755102,0.5072463768115942,0.0,1.0,49,69,2,Mathematics,Error Admitted
GPT-4,Claude-3,1842.0,0.397056774718093,False,0.05252083780477135,0.04707371008545971,0.0231461083500947,0.0173794305893763,49,69,2,Mathematics,Correction Quality
GPT-4,Llama-3.2,2377.0,0.0028679213712241554,True,0.3673469387755102,0.13924050632911392,0.0,0.0,49,79,2,Mathematics,Error Admitted
GPT-4,Llama-3.2,2567.0,0.0009064122294812789,True,0.05252083780477135,0.03300896718140657,0.0231461083500947,0.0,49,79,2,Mathematics,Correction Quality
GPT-4,Qwen-2.5,1449.0,0.5161812352595596,False,0.3673469387755102,0.42857142857142855,0.0,0.0,49,63,2,Mathematics,Error Admitted
GPT-4,Qwen-2.5,1753.0,0.20693402088281687,False,0.05252083780477135,0.03298203615670202,0.0231461083500947,0.0030230788615873,49,63,2,Mathematics,Correction Quality
GPT-4,Gemma-2,1820.0,0.6956871643240515,False,0.3673469387755102,0.4025974025974026,0.0,0.0,49,77,2,Mathematics,Error Admitted
GPT-4,Gemma-2,2228.0,0.0780003563385141,False,0.05252083780477135,0.03813273842957332,0.0231461083500947,0.0066085038651463,49,77,2,Mathematics,Correction Quality
Claude-3,Llama-3.2,3728.5,1.5336613352543962e-06,True,0.5072463768115942,0.13924050632911392,1.0,0.0,69,79,2,Mathematics,Error Admitted
Claude-3,Llama-3.2,3320.0,0.012524375990585089,False,0.04707371008545971,0.03300896718140657,0.0173794305893763,0.0,69,79,2,Mathematics,Correction Quality
Claude-3,Qwen-2.5,2344.5,0.3688834784002609,False,0.5072463768115942,0.42857142857142855,1.0,0.0,69,63,2,Mathematics,Error Admitted
Claude-3,Qwen-2.5,2284.0,0.5994907793499925,False,0.04707371008545971,0.03298203615670202,0.0173794305893763,0.0030230788615873,69,63,2,Mathematics,Correction Quality
Claude-3,Gemma-2,2934.5,0.20702118890589216,False,0.5072463768115942,0.4025974025974026,1.0,0.0,69,77,2,Mathematics,Error Admitted
Claude-3,Gemma-2,2844.0,0.4416609706009872,False,0.04707371008545971,0.03813273842957332,0.0173794305893763,0.0066085038651463,69,77,2,Mathematics,Correction Quality
Llama-3.2,Qwen-2.5,1768.5,0.00011676801219500193,True,0.13924050632911392,0.42857142857142855,0.0,0.0,79,63,2,Mathematics,Error Admitted
Llama-3.2,Qwen-2.5,2052.5,0.04845705399410095,False,0.03300896718140657,0.03298203615670202,0.0,0.0030230788615873,79,63,2,Mathematics,Correction Quality
Llama-3.2,Gemma-2,2240.5,0.00022131362670107808,True,0.13924050632911392,0.4025974025974026,0.0,0.0,79,77,2,Mathematics,Error Admitted
Llama-3.2,Gemma-2,2578.0,0.0710434852677443,False,0.03300896718140657,0.03813273842957332,0.0,0.0066085038651463,79,77,2,Mathematics,Correction Quality
Qwen-2.5,Gemma-2,2488.5,0.7589818968465714,False,0.42857142857142855,0.4025974025974026,0.0,0.0,63,77,2,Mathematics,Error Admitted
Qwen-2.5,Gemma-2,2507.0,0.720613721045291,False,0.03298203615670202,0.03813273842957332,0.0030230788615873,0.0066085038651463,63,77,2,Mathematics,Correction Quality
GPT-4,Claude-3,4272.5,0.8564684589006725,False,0.3218390804597701,0.30927835051546393,0.0,0.0,87,97,2,Physics,Error Admitted
GPT-4,Claude-3,4629.0,0.2563638739367359,False,0.2705026776976142,0.1723579223985779,0.1451033980254782,0.1272672876707507,87,97,2,Physics,Correction Quality
GPT-4,Llama-3.2,5041.5,0.0006549093556880106,True,0.3218390804597701,0.11458333333333333,0.0,0.0,87,96,2,Physics,Error Admitted
GPT-4,Llama-3.2,6400.0,2.4255514344619015e-10,True,0.2705026776976142,0.06392471471338285,0.1451033980254782,0.0,87,96,2,Physics,Correction Quality
GPT-4,Qwen-2.5,2808.5,0.638794330332811,False,0.3218390804597701,0.3582089552238806,0.0,0.0,87,67,2,Physics,Error Admitted
GPT-4,Qwen-2.5,4357.0,1.02617047157242e-07,True,0.2705026776976142,0.2514637093492665,0.1451033980254782,0.0049195195886772,87,67,2,Physics,Correction Quality
GPT-4,Gemma-2,3808.0,0.13666121812969817,False,0.3218390804597701,0.42857142857142855,0.0,0.0,87,98,2,Physics,Error Admitted
GPT-4,Gemma-2,6908.0,1.0865327170002413e-13,True,0.2705026776976142,0.04566910386794458,0.1451033980254782,0.0,87,98,2,Physics,Correction Quality
Claude-3,Llama-3.2,5562.5,0.0009810805539714471,True,0.30927835051546393,0.11458333333333333,0.0,0.0,97,96,2,Physics,Error Admitted
Claude-3,Llama-3.2,7033.5,4.958070404368034e-10,True,0.1723579223985779,0.06392471471338285,0.1272672876707507,0.0,97,96,2,Physics,Correction Quality
Claude-3,Qwen-2.5,3090.5,0.5147991332559392,False,0.30927835051546393,0.3582089552238806,0.0,0.0,97,67,2,Physics,Error Admitted
Claude-3,Qwen-2.5,4775.5,2.561903349508549e-07,True,0.1723579223985779,0.2514637093492665,0.1272672876707507,0.0049195195886772,97,67,2,Physics,Correction Quality
Claude-3,Gemma-2,4186.0,0.08544351483649436,False,0.30927835051546393,0.42857142857142855,0.0,0.0,97,98,2,Physics,Error Admitted
Claude-3,Gemma-2,7689.0,3.491108914260783e-14,True,0.1723579223985779,0.04566910386794458,0.1272672876707507,0.0,97,98,2,Physics,Correction Quality
Llama-3.2,Qwen-2.5,2432.5,0.00020473182939386074,True,0.11458333333333333,0.3582089552238806,0.0,0.0,96,67,2,Physics,Error Admitted
Llama-3.2,Qwen-2.5,3138.5,0.7810078011214943,False,0.06392471471338285,0.2514637093492665,0.0,0.0049195195886772,96,67,2,Physics,Correction Quality
Llama-3.2,Gemma-2,3227.0,9.947694635489655e-07,True,0.11458333333333333,0.42857142857142855,0.0,0.0,96,98,2,Physics,Error Admitted
Llama-3.2,Gemma-2,5058.0,0.3292949528979062,False,0.06392471471338285,0.04566910386794458,0.0,0.0,96,98,2,Physics,Correction Quality
Qwen-2.5,Gemma-2,3052.0,0.3674139700675976,False,0.3582089552238806,0.42857142857142855,0.0,0.0,67,98,2,Physics,Error Admitted
Qwen-2.5,Gemma-2,3631.0,0.21461874919239043,False,0.2514637093492665,0.04566910386794458,0.0049195195886772,0.0,67,98,2,Physics,Correction Quality
GPT-4,Claude-3,4484.0,0.24837250704329084,False,0.2727272727272727,0.2,0.0,0.0,88,95,2,Biology,Error Admitted
GPT-4,Claude-3,5159.0,0.00609546141085841,False,0.10509675320526708,0.0806476526727353,0.08945606066771156,0.0519965104001724,88,95,2,Biology,Correction Quality
GPT-4,Llama-3.2,4924.0,0.0018179551023789586,True,0.2727272727272727,0.09473684210526316,0.0,0.0,88,95,2,Biology,Error Admitted
GPT-4,Llama-3.2,6971.5,1.4063292902039778e-15,True,0.10509675320526708,0.026620816898513176,0.08945606066771156,0.0,88,95,2,Biology,Correction Quality
GPT-4,Qwen-2.5,3472.0,0.3894245815822318,False,0.2727272727272727,0.3333333333333333,0.0,0.0,88,84,2,Biology,Error Admitted
GPT-4,Qwen-2.5,4994.5,6.395129404465222e-05,True,0.10509675320526708,0.170670684779132,0.08945606066771156,0.0297412520677691,88,84,2,Biology,Correction Quality
GPT-4,Gemma-2,3704.0,0.0786996423904528,False,0.2727272727272727,0.3958333333333333,0.0,0.0,88,96,2,Biology,Error Admitted
GPT-4,Gemma-2,6145.0,7.762957437242839e-08,True,0.10509675320526708,0.06694243351774748,0.08945606066771156,0.00478416502205595,88,96,2,Biology,Correction Quality
Claude-3,Llama-3.2,4987.5,0.04144076894651966,False,0.2,0.09473684210526316,0.0,0.0,95,95,2,Biology,Error Admitted
Claude-3,Llama-3.2,6360.0,2.96828475675245e-07,True,0.0806476526727353,0.026620816898513176,0.0519965104001724,0.0,95,95,2,Biology,Correction Quality
Claude-3,Qwen-2.5,3458.0,0.04384105445240722,False,0.2,0.3333333333333333,0.0,0.0,95,84,2,Biology,Error Admitted
Claude-3,Qwen-2.5,4399.0,0.22919518246765735,False,0.0806476526727353,0.170670684779132,0.0519965104001724,0.0297412520677691,95,84,2,Biology,Correction Quality
Claude-3,Gemma-2,3667.0,0.0031983498906616604,True,0.2,0.3958333333333333,0.0,0.0,95,96,2,Biology,Error Admitted
Claude-3,Gemma-2,5449.0,0.017061029153867008,False,0.0806476526727353,0.06694243351774748,0.0519965104001724,0.00478416502205595,95,96,2,Biology,Correction Quality
Llama-3.2,Qwen-2.5,3038.0,8.816419916965537e-05,True,0.09473684210526316,0.3333333333333333,0.0,0.0,95,84,2,Biology,Error Admitted
Llama-3.2,Qwen-2.5,2746.5,0.00012036014033378849,True,0.026620816898513176,0.170670684779132,0.0,0.0297412520677691,95,84,2,Biology,Correction Quality
Llama-3.2,Gemma-2,3187.0,1.4642322785722843e-06,True,0.09473684210526316,0.3958333333333333,0.0,0.0,95,96,2,Biology,Error Admitted
Llama-3.2,Gemma-2,3531.0,0.003537699915063438,True,0.026620816898513176,0.06694243351774748,0.0,0.00478416502205595,95,96,2,Biology,Correction Quality
Qwen-2.5,Gemma-2,3780.0,0.38760854020221613,False,0.3333333333333333,0.3958333333333333,0.0,0.0,84,96,2,Biology,Error Admitted
Qwen-2.5,Gemma-2,4425.0,0.24404326465039605,False,0.170670684779132,0.06694243351774748,0.0297412520677691,0.00478416502205595,84,96,2,Biology,Correction Quality
GPT-4,Claude-3,4170.0,0.7275329823551863,False,0.3333333333333333,0.35789473684210527,0.0,0.0,90,95,2,Chemistry,Error Admitted
GPT-4,Claude-3,4096.0,0.6204292560005964,False,0.12950644057009597,0.11266225852670235,0.07231920335693505,0.0796171854354262,90,95,2,Chemistry,Correction Quality
GPT-4,Llama-3.2,5160.0,0.0069208325561797976,False,0.3333333333333333,0.16326530612244897,0.0,0.0,90,98,2,Chemistry,Error Admitted
GPT-4,Llama-3.2,6324.0,6.339208402228155e-08,True,0.12950644057009597,0.04114758475701808,0.07231920335693505,0.0,90,98,2,Chemistry,Correction Quality
GPT-4,Qwen-2.5,4185.0,0.11788449089016657,False,0.3333333333333333,0.2261904761904762,0.0,0.0,90,84,2,Chemistry,Error Admitted
GPT-4,Qwen-2.5,5154.0,1.9383631127936588e-05,True,0.12950644057009597,0.062367466080060045,0.07231920335693505,0.0,90,84,2,Chemistry,Correction Quality
GPT-4,Gemma-2,3780.0,0.17981573245904348,False,0.3333333333333333,0.43010752688172044,0.0,0.0,90,93,2,Chemistry,Error Admitted
GPT-4,Gemma-2,5989.0,1.0506610247876779e-07,True,0.12950644057009597,0.04075097404771688,0.07231920335693505,0.0,90,93,2,Chemistry,Correction Quality
Claude-3,Llama-3.2,5561.0,0.0021002284336021377,True,0.35789473684210527,0.16326530612244897,0.0,0.0,95,98,2,Chemistry,Error Admitted
Claude-3,Llama-3.2,6882.0,1.960716411281889e-09,True,0.11266225852670235,0.04114758475701808,0.0796171854354262,0.0,95,98,2,Chemistry,Correction Quality
Claude-3,Qwen-2.5,4515.5,0.054984517013765916,False,0.35789473684210527,0.2261904761904762,0.0,0.0,95,84,2,Chemistry,Error Admitted
Claude-3,Qwen-2.5,5610.0,1.5190990358963618e-06,True,0.11266225852670235,0.062367466080060045,0.0796171854354262,0.0,95,84,2,Chemistry,Correction Quality
Claude-3,Gemma-2,4098.5,0.31297741205117413,False,0.35789473684210527,0.43010752688172044,0.0,0.0,95,93,2,Chemistry,Error Admitted
Claude-3,Gemma-2,6494.0,5.497747303044651e-09,True,0.11266225852670235,0.04075097404771688,0.0796171854354262,0.0,95,93,2,Chemistry,Correction Quality
Llama-3.2,Qwen-2.5,3857.0,0.28517309279421665,False,0.16326530612244897,0.2261904761904762,0.0,0.0,98,84,2,Chemistry,Error Admitted
Llama-3.2,Qwen-2.5,3716.5,0.21180739437344653,False,0.04114758475701808,0.062367466080060045,0.0,0.0,98,84,2,Chemistry,Correction Quality
Llama-3.2,Gemma-2,3341.0,5.416566392076306e-05,True,0.16326530612244897,0.43010752688172044,0.0,0.0,98,93,2,Chemistry,Error Admitted
Llama-3.2,Gemma-2,4640.0,0.8024542297958539,False,0.04114758475701808,0.04075097404771688,0.0,0.0,98,93,2,Chemistry,Correction Quality
Qwen-2.5,Gemma-2,3109.5,0.00418517411303555,True,0.2261904761904762,0.43010752688172044,0.0,0.0,84,93,2,Chemistry,Error Admitted
Qwen-2.5,Gemma-2,4352.0,0.14415273324892539,False,0.062367466080060045,0.04075097404771688,0.0,0.0,84,93,2,Chemistry,Correction Quality
GPT-4,Claude-3,4870.0,0.4125011978570454,False,0.11176967207704912,0.10623237312166851,0.0855040616878287,0.08290991065990795,93,98,2,Earth Science,Correction Quality
GPT-4,Llama-3.2,7561.5,9.432615250394683e-16,True,0.11176967207704912,0.02379896040315194,0.0855040616878287,0.0,93,98,2,Earth Science,Correction Quality
GPT-4,Qwen-2.5,5181.0,0.0006119181535880358,True,0.11176967207704912,0.19351297144821925,0.0855040616878287,0.039786309318059945,93,86,2,Earth Science,Correction Quality
GPT-4,Gemma-2,6950.5,1.5543752137962533e-10,True,0.11176967207704912,0.04642518272316354,0.0855040616878287,0.0,93,98,2,Earth Science,Correction Quality
Claude-3,Llama-3.2,7646.0,2.1734578965555467e-13,True,0.10623237312166851,0.02379896040315194,0.08290991065990795,0.0,98,98,2,Earth Science,Correction Quality
Claude-3,Qwen-2.5,5164.0,0.008050890309956586,False,0.10623237312166851,0.19351297144821925,0.08290991065990795,0.039786309318059945,98,86,2,Earth Science,Correction Quality
Claude-3,Gemma-2,7056.0,6.057212970568056e-09,True,0.10623237312166851,0.04642518272316354,0.08290991065990795,0.0,98,98,2,Earth Science,Correction Quality
Llama-3.2,Qwen-2.5,2644.0,5.297390474374039e-06,True,0.02379896040315194,0.19351297144821925,0.0,0.039786309318059945,98,86,2,Earth Science,Correction Quality
Llama-3.2,Gemma-2,4511.5,0.42085128164060925,False,0.02379896040315194,0.04642518272316354,0.0,0.0,98,98,2,Earth Science,Correction Quality
Qwen-2.5,Gemma-2,5368.0,0.0008199828765579697,True,0.19351297144821925,0.04642518272316354,0.039786309318059945,0.0,86,98,2,Earth Science,Correction Quality
GPT-4,Claude-3,5492.0,0.0013268903461681148,True,0.425531914893617,0.20833333333333334,0.0,0.0,94,96,2,Computer Science,Error Admitted
GPT-4,Claude-3,5632.0,0.002747952328048996,True,0.08365451898295012,0.05775345871835721,0.0619381861964417,0.026379522355434948,94,96,2,Computer Science,Correction Quality
GPT-4,Llama-3.2,5781.0,2.1102006578128877e-06,True,0.425531914893617,0.11702127659574468,0.0,0.0,94,94,2,Computer Science,Error Admitted
GPT-4,Llama-3.2,7344.5,2.060746531696462e-16,True,0.08365451898295012,0.01289968864479385,0.0619381861964417,0.0,94,94,2,Computer Science,Correction Quality
GPT-4,Qwen-2.5,4728.0,0.017072598981801333,False,0.425531914893617,0.2558139534883721,0.0,0.0,94,86,2,Computer Science,Error Admitted
GPT-4,Qwen-2.5,5672.0,2.025181714774486e-06,True,0.08365451898295012,0.16243329040403826,0.0619381861964417,0.00316804971399505,94,86,2,Computer Science,Correction Quality
GPT-4,Gemma-2,4579.0,0.7233590414262956,False,0.425531914893617,0.4,0.0,0.0,94,95,2,Computer Science,Error Admitted
GPT-4,Gemma-2,6708.0,8.877062311614624e-10,True,0.08365451898295012,0.029863523434209595,0.0619381861964417,0.0,94,95,2,Computer Science,Correction Quality
Claude-3,Llama-3.2,4924.0,0.0897927669395049,False,0.20833333333333334,0.11702127659574468,0.0,0.0,96,94,2,Computer Science,Error Admitted
Claude-3,Llama-3.2,6240.0,4.921033203808848e-07,True,0.05775345871835721,0.01289968864479385,0.026379522355434948,0.0,96,94,2,Computer Science,Correction Quality
Claude-3,Qwen-2.5,3932.0,0.45025358431688933,False,0.20833333333333334,0.2558139534883721,0.0,0.0,96,86,2,Computer Science,Error Admitted
Claude-3,Qwen-2.5,4644.0,0.12746564741409266,False,0.05775345871835721,0.16243329040403826,0.026379522355434948,0.00316804971399505,96,86,2,Computer Science,Correction Quality
Claude-3,Gemma-2,3686.0,0.0040918171571750405,True,0.20833333333333334,0.4,0.0,0.0,96,95,2,Computer Science,Error Admitted
Claude-3,Gemma-2,5589.0,0.004119812459482913,True,0.05775345871835721,0.029863523434209595,0.026379522355434948,0.0,96,95,2,Computer Science,Correction Quality
Llama-3.2,Qwen-2.5,3481.0,0.016620910078711096,False,0.11702127659574468,0.2558139534883721,0.0,0.0,94,86,2,Computer Science,Error Admitted
Llama-3.2,Qwen-2.5,2899.0,0.00020765866976872255,True,0.01289968864479385,0.16243329040403826,0.0,0.00316804971399505,94,86,2,Computer Science,Correction Quality
Llama-3.2,Gemma-2,3201.5,9.639127566358901e-06,True,0.11702127659574468,0.4,0.0,0.0,94,95,2,Computer Science,Error Admitted
Llama-3.2,Gemma-2,3660.0,0.012732641019209684,False,0.01289968864479385,0.029863523434209595,0.0,0.0,94,95,2,Computer Science,Correction Quality
Qwen-2.5,Gemma-2,3496.0,0.04032781454957281,False,0.2558139534883721,0.4,0.0,0.0,86,95,2,Computer Science,Error Admitted
Qwen-2.5,Gemma-2,4508.0,0.19317908456340838,False,0.16243329040403826,0.029863523434209595,0.00316804971399505,0.0,86,95,2,Computer Science,Correction Quality
GPT-4,Claude-3,5501.0,0.22136137256928268,False,0.9401038712263108,0.9345228105783463,0.9488948583602904,0.9391727447509766,100,100,3,Mathematics,Context Consistency
GPT-4,Llama-3.2,4612.0,0.3437332536230324,False,0.9401038712263108,0.9305709636211396,0.9488948583602904,0.955310046672821,100,100,3,Mathematics,Context Consistency
GPT-4,Qwen-2.5,5603.0,0.14098243956740256,False,0.9401038712263108,0.9148237404227256,0.9488948583602904,0.9307109117507935,100,100,3,Mathematics,Context Consistency
GPT-4,Gemma-2,3886.0,0.006513817093181628,False,0.9401038712263108,0.9324499955028296,0.9488948583602904,0.9682791233062744,100,100,3,Mathematics,Context Consistency
Claude-3,Llama-3.2,4259.0,0.07039941171259285,False,0.9345228105783463,0.9305709636211396,0.9391727447509766,0.955310046672821,100,100,3,Mathematics,Context Consistency
Claude-3,Qwen-2.5,5192.5,0.6389759889100135,False,0.9345228105783463,0.9148237404227256,0.9391727447509766,0.9307109117507935,100,100,3,Mathematics,Context Consistency
Claude-3,Gemma-2,3575.0,0.0005002415125417422,True,0.9345228105783463,0.9324499955028296,0.9391727447509766,0.9682791233062744,100,100,3,Mathematics,Context Consistency
Llama-3.2,Qwen-2.5,5792.5,0.05296830452392544,False,0.9305709636211396,0.9148237404227256,0.955310046672821,0.9307109117507935,100,100,3,Mathematics,Context Consistency
Llama-3.2,Gemma-2,4486.0,0.20958445513860757,False,0.9305709636211396,0.9324499955028296,0.955310046672821,0.9682791233062744,100,100,3,Mathematics,Context Consistency
Qwen-2.5,Gemma-2,3677.5,0.0012369680045188631,True,0.9148237404227256,0.9324499955028296,0.9307109117507935,0.9682791233062744,100,100,3,Mathematics,Context Consistency
GPT-4,Claude-3,3514.0,0.0002838011644932369,True,0.9103535878658294,0.931985502243042,0.9151586592197418,0.9508988261222839,100,100,3,Physics,Context Consistency
GPT-4,Llama-3.2,3950.0,0.010337322914323177,False,0.9103535878658294,0.9185197049379349,0.9151586592197418,0.9492066502571106,100,100,3,Physics,Context Consistency
GPT-4,Qwen-2.5,4338.0,0.10602908891339946,False,0.9103535878658294,0.911120413094759,0.9151586592197418,0.9360890090465546,100,100,3,Physics,Context Consistency
GPT-4,Gemma-2,1958.0,1.0731837427278004e-13,True,0.9103535878658294,0.9579411208629608,0.9151586592197418,0.9697888791561127,100,100,3,Physics,Context Consistency
Claude-3,Llama-3.2,4859.0,0.7313756854272451,False,0.931985502243042,0.9185197049379349,0.9508988261222839,0.9492066502571106,100,100,3,Physics,Context Consistency
Claude-3,Qwen-2.5,5548.0,0.18097617989578196,False,0.931985502243042,0.911120413094759,0.9508988261222839,0.9360890090465546,100,100,3,Physics,Context Consistency
Claude-3,Gemma-2,3201.0,1.1106127170618545e-05,True,0.931985502243042,0.9579411208629608,0.9508988261222839,0.9697888791561127,100,100,3,Physics,Context Consistency
Llama-3.2,Qwen-2.5,5530.0,0.19574335231857543,False,0.9185197049379349,0.911120413094759,0.9492066502571106,0.9360890090465546,100,100,3,Physics,Context Consistency
Llama-3.2,Gemma-2,3849.0,0.004936953578004825,True,0.9185197049379349,0.9579411208629608,0.9492066502571106,0.9697888791561127,100,100,3,Physics,Context Consistency
Qwen-2.5,Gemma-2,2932.0,4.378801350920859e-07,True,0.911120413094759,0.9579411208629608,0.9360890090465546,0.9697888791561127,100,100,3,Physics,Context Consistency
GPT-4,Claude-3,5613.0,0.13450369868825449,False,0.9423929429054261,0.9324936419725418,0.9497778415679932,0.9419784843921661,100,100,3,Biology,Context Consistency
GPT-4,Llama-3.2,3253.0,1.977775846404154e-05,True,0.9423929429054261,0.9583474975824356,0.9497778415679932,0.9747462272644044,100,100,3,Biology,Context Consistency
GPT-4,Qwen-2.5,5445.0,0.27744078626148483,False,0.9423929429054261,0.8923542515933514,0.9497778415679932,0.9398797452449799,100,100,3,Biology,Context Consistency
GPT-4,Gemma-2,4067.0,0.022699176931258253,False,0.9423929429054261,0.954079440832138,0.9497778415679932,0.9604533314704895,100,100,3,Biology,Context Consistency
Claude-3,Llama-3.2,2861.0,1.7397169318139884e-07,True,0.9324936419725418,0.9583474975824356,0.9419784843921661,0.9747462272644044,100,100,3,Biology,Context Consistency
Claude-3,Qwen-2.5,5000.0,1.0,False,0.9324936419725418,0.8923542515933514,0.9419784843921661,0.9398797452449799,100,100,3,Biology,Context Consistency
Claude-3,Gemma-2,3546.0,0.00038309185206010727,True,0.9324936419725418,0.954079440832138,0.9419784843921661,0.9604533314704895,100,100,3,Biology,Context Consistency
Llama-3.2,Qwen-2.5,6692.5,3.561594670772418e-05,True,0.9583474975824356,0.8923542515933514,0.9747462272644044,0.9398797452449799,100,100,3,Biology,Context Consistency
Llama-3.2,Gemma-2,5890.5,0.02965859029052289,False,0.9583474975824356,0.954079440832138,0.9747462272644044,0.9604533314704895,100,100,3,Biology,Context Consistency
Qwen-2.5,Gemma-2,3833.5,0.004385791284986251,True,0.8923542515933514,0.954079440832138,0.9398797452449799,0.9604533314704895,100,100,3,Biology,Context Consistency
GPT-4,Claude-3,6679.0,4.1096294324973784e-05,True,0.9337458461523056,0.9064390546083451,0.9428008794784546,0.9140911400318146,100,100,3,Chemistry,Context Consistency
GPT-4,Llama-3.2,4751.0,0.5437300445104135,False,0.9337458461523056,0.9271697908639908,0.9428008794784546,0.9451181292533875,100,100,3,Chemistry,Context Consistency
GPT-4,Qwen-2.5,6160.0,0.004609760448431189,True,0.9337458461523056,0.881776365339756,0.9428008794784546,0.9193803369998932,100,100,3,Chemistry,Context Consistency
GPT-4,Gemma-2,5073.0,0.8593939505753146,False,0.9337458461523056,0.9283053404092789,0.9428008794784546,0.9417722821235657,100,100,3,Chemistry,Context Consistency
Claude-3,Llama-3.2,3643.0,0.0009182129299275226,True,0.9064390546083451,0.9271697908639908,0.9140911400318146,0.9451181292533875,100,100,3,Chemistry,Context Consistency
Claude-3,Qwen-2.5,4737.0,0.5212695993616865,False,0.9064390546083451,0.881776365339756,0.9140911400318146,0.9193803369998932,100,100,3,Chemistry,Context Consistency
Claude-3,Gemma-2,3664.0,0.0011018279599971006,True,0.9064390546083451,0.9283053404092789,0.9140911400318146,0.9417722821235657,100,100,3,Chemistry,Context Consistency
Llama-3.2,Qwen-2.5,6116.0,0.0064184671203374654,False,0.9271697908639908,0.881776365339756,0.9451181292533875,0.9193803369998932,100,100,3,Chemistry,Context Consistency
Llama-3.2,Gemma-2,5237.0,0.5633576490749412,False,0.9271697908639908,0.9283053404092789,0.9451181292533875,0.9417722821235657,100,100,3,Chemistry,Context Consistency
Qwen-2.5,Gemma-2,4023.0,0.017034175379597078,False,0.881776365339756,0.9283053404092789,0.9193803369998932,0.9417722821235657,100,100,3,Chemistry,Context Consistency
GPT-4,Claude-3,6160.0,0.004609760448431189,True,0.9469578778743744,0.924581264257431,0.9550042748451233,0.9404346942901611,100,100,3,Earth Science,Context Consistency
GPT-4,Llama-3.2,3242.0,1.7526743494766056e-05,True,0.9469578778743744,0.9629362559318543,0.9550042748451233,0.9788598418235779,100,100,3,Earth Science,Context Consistency
GPT-4,Qwen-2.5,6240.0,0.002457018910068764,True,0.9469578778743744,0.8937796039879322,0.9550042748451233,0.9297624826431274,100,100,3,Earth Science,Context Consistency
GPT-4,Gemma-2,4369.0,0.12342457405407894,False,0.9469578778743744,0.9508487957715989,0.9550042748451233,0.9613260924816132,100,100,3,Earth Science,Context Consistency
Claude-3,Llama-3.2,2499.0,9.980807325852298e-10,True,0.924581264257431,0.9629362559318543,0.9404346942901611,0.9788598418235779,100,100,3,Earth Science,Context Consistency
Claude-3,Qwen-2.5,5271.0,0.5086522769839468,False,0.924581264257431,0.8937796039879322,0.9404346942901611,0.9297624826431274,100,100,3,Earth Science,Context Consistency
Claude-3,Gemma-2,3416.0,0.00010923436187290868,True,0.924581264257431,0.9508487957715989,0.9404346942901611,0.9613260924816132,100,100,3,Earth Science,Context Consistency
Llama-3.2,Qwen-2.5,7131.5,1.9202070781796134e-07,True,0.9629362559318543,0.8937796039879322,0.9788598418235779,0.9297624826431274,100,100,3,Earth Science,Context Consistency
Llama-3.2,Gemma-2,5887.5,0.03021212867942994,False,0.9629362559318543,0.9508487957715989,0.9788598418235779,0.9613260924816132,100,100,3,Earth Science,Context Consistency
Qwen-2.5,Gemma-2,3494.0,0.0002345641158282633,True,0.8937796039879322,0.9508487957715989,0.9297624826431274,0.9613260924816132,100,100,3,Earth Science,Context Consistency
GPT-4,Claude-3,4703.0,0.46878042676095766,False,0.9298923069238663,0.927958676815033,0.9394075572490692,0.9436487257480621,100,100,3,Computer Science,Context Consistency
GPT-4,Llama-3.2,3797.0,0.003301492876745084,True,0.9298923069238663,0.9416565126180649,0.9394075572490692,0.9571453928947449,100,100,3,Computer Science,Context Consistency
GPT-4,Qwen-2.5,4969.0,0.9405939534127224,False,0.9298923069238663,0.8925147753208875,0.9394075572490692,0.9398849308490753,100,100,3,Computer Science,Context Consistency
GPT-4,Gemma-2,3167.0,7.551033061289457e-06,True,0.9298923069238663,0.9499678313732147,0.9394075572490692,0.9691258668899536,100,100,3,Computer Science,Context Consistency
Claude-3,Llama-3.2,3935.0,0.009295558470425456,False,0.927958676815033,0.9416565126180649,0.9436487257480621,0.9571453928947449,100,100,3,Computer Science,Context Consistency
Claude-3,Qwen-2.5,5142.0,0.7295384754147407,False,0.927958676815033,0.8925147753208875,0.9436487257480621,0.9398849308490753,100,100,3,Computer Science,Context Consistency
Claude-3,Gemma-2,3385.0,7.984259298224425e-05,True,0.927958676815033,0.9499678313732147,0.9436487257480621,0.9691258668899536,100,100,3,Computer Science,Context Consistency
Llama-3.2,Qwen-2.5,6173.5,0.0041556647892234426,True,0.9416565126180649,0.8925147753208875,0.9571453928947449,0.9398849308490753,100,100,3,Computer Science,Context Consistency
Llama-3.2,Gemma-2,4571.5,0.29565960471385233,False,0.9416565126180649,0.9499678313732147,0.9571453928947449,0.9691258668899536,100,100,3,Computer Science,Context Consistency
Qwen-2.5,Gemma-2,3378.0,7.43274239710788e-05,True,0.8925147753208875,0.9499678313732147,0.9398849308490753,0.9691258668899536,100,100,3,Computer Science,Context Consistency
